,recall_anomaly,precision_anomaly,recall_changePoint,precision_changePoint
0,95.65217391304348,61.971830985915496,0.0,0.0
1,97.82608695652173,62.5,0.0,0.0
2,97.82608695652173,100.0,84.21052631578948,100.0
3,97.82608695652173,100.0,89.47368421052632,100.0
4,97.82608695652173,100.0,94.73684210526316,100.0
5,60.869565217391305,100.0,100.0,100.0
6,80.43478260869566,100.0,100.0,100.0
7,97.82608695652173,100.0,100.0,100.0
