,recall_anomaly,precision_anomaly,recall_changePoint,precision_changePoint
0,98.07692307692308,100.0,0.0,0
1,98.07692307692308,98.07692307692308,0.0,0
