,recall_anomaly,precision_anomaly,recall_changePoint,precision_changePoint
0,100.0,72.72727272727273,78.94736842105263,100.0
1,100.0,72.72727272727273,84.21052631578948,100.0
2,37.5,50.0,94.73684210526316,100.0
3,37.5,100.0,100.0,100.0
4,100.0,100.0,94.73684210526316,100.0
5,68.75,100.0,100.0,100.0
6,100.0,100.0,100.0,100.0
